date_collecte,id_recherche,trajet,prix_min,niveau_prix,fourchette_min,fourchette_max
2026-09-30,Paris | Diego-Suarez | 2027-08-17 | 28j,aller simple,1346,typical,1300,1600
2026-09-30,Paris | Nosy Be | 2027-08-17 | 28j,aller simple,759,low,790,1150
2026-09-30,Paris | Diego-Suarez | 2027-08-17 | aller simple,aller simple,1346,typical,1300,1600
2026-09-30,Paris | Nosy Be | 2027-08-17 | aller simple,aller simple,759,low,790,1150
2026-09-30,Paris | Diego-Suarez | 2027-08-18 | aller simple,aller simple,1386,typical,1300,1600
2026-09-30,Paris | Nosy Be | 2027-08-18 | aller simple,aller simple,759,low,790,1150
2026-09-30,Paris | Diego-Suarez | 2027-08-17 | aller simple,aller simple,1346,typical,1300,1600
2026-09-30,Paris | Nosy Be | 2027-08-17 | aller simple,aller simple,759,low,790,1150
2026-09-30,Paris | Diego-Suarez | 2027-08-18 | aller simple,aller simple,1385,typical,1300,1600
2026-09-30,Paris | Nosy Be | 2027-08-18 | aller simple,aller simple,759,low,790,1150
2026-09-30,Bordeaux | Nosy Be | 2027-08-16 | aller simple,aller simple,1175,typical,1000,1700
2026-09-30,Bordeaux | Nosy Be | 2027-08-19 | aller simple,aller simple,904,low,1000,1700
2026-10-01,Paris | Diego-Suarez | 2027-08-17 | aller simple,aller simple,1346,typical,1300,1600
2026-10-01,Paris | Nosy Be | 2027-08-17 | aller simple,aller simple,759,low,790,1150
2026-10-01,Paris | Diego-Suarez | 2027-08-18 | aller simple,aller simple,1385,typical,1300,1600
2026-10-01,Paris | Nosy Be | 2027-08-18 | aller simple,aller simple,759,low,790,1150
2026-10-02,Paris | Diego-Suarez | 2027-08-17 | aller simple,aller simple,1346,typical,1300,1600
2026-10-02,Paris | Nosy Be | 2027-08-17 | aller simple,aller simple,759,low,790,1150
2026-10-02,Paris | Diego-Suarez | 2027-08-18 | aller simple,aller simple,1385,typical,1300,1600
2026-10-02,Paris | Nosy Be | 2027-08-18 | aller simple,aller simple,759,low,790,1150
2026-10-02,Montpellier | Nosy Be | 2027-08-16 | aller simple,aller simple,2602,typical,2450,4100
2026-10-02,Montpellier | Nosy Be | 2027-08-17 | aller simple,aller simple,6536,high,2450,4100
2026-10-02,Montpellier | Nosy Be | 2027-08-18 | aller simple,aller simple,2602,typical,2450,4100
2026-10-02,Montpellier | Nosy Be | 2027-08-19 | aller simple,aller simple,6511,high,2450,4100
2026-10-03,Paris | Diego-Suarez | 2027-08-17 | aller simple,aller simple,1346,typical,1300,1600
2026-10-03,Paris | Nosy Be | 2027-08-17 | aller simple,aller simple,759,low,790,1150
2026-10-03,Paris | Diego-Suarez | 2027-08-18 | aller simple,aller simple,1385,typical,1300,1600
2026-10-03,Paris | Nosy Be | 2027-08-18 | aller simple,aller simple,759,low,790,1150
2026-10-03,Paris | Diego-Suarez | 2027-08-16 | aller simple,aller simple,1343,typical,1300,1600
2026-10-03,Paris | Diego-Suarez | 2027-08-19 | aller simple,aller simple,1346,typical,1300,1600
2026-10-03,Paris | Nosy Be | 2027-08-16 | aller simple,aller simple,759,low,790,1150
2026-10-03,Paris | Nosy Be | 2027-08-19 | aller simple,aller simple,759,low,790,1150
2026-10-04,Paris | Diego-Suarez | 2027-08-17 | aller simple,aller simple,1346,typical,1300,1600
2026-10-04,Paris | Nosy Be | 2027-08-17 | aller simple,aller simple,759,low,790,1150
2026-10-04,Paris | Diego-Suarez | 2027-08-18 | aller simple,aller simple,1386,typical,1300,1600
2026-10-04,Paris | Nosy Be | 2027-08-18 | aller simple,aller simple,759,low,790,1150
2026-10-04,Bordeaux | Nosy Be | 2027-08-16 | aller simple,aller simple,1274,typical,1000,1700
2026-10-04,Bordeaux | Nosy Be | 2027-08-19 | aller simple,aller simple,1092,typical,1000,1700
2026-10-04,Montpellier | Nosy Be | 2027-08-16 | aller simple,aller simple,2602,typical,2450,4100
2026-10-04,Montpellier | Nosy Be | 2027-08-17 | aller simple,aller simple,6549,high,2450,4100
2026-10-04,Paris | Diego-Suarez | 2027-08-17 | aller simple,aller simple,1346,typical,1300,1600
2026-10-04,Paris | Nosy Be | 2027-08-17 | aller simple,aller simple,759,low,790,1150
2026-10-04,Paris | Diego-Suarez | 2027-08-18 | aller simple,aller simple,1386,typical,1300,1600
2026-10-04,Paris | Nosy Be | 2027-08-18 | aller simple,aller simple,759,low,790,1150
2026-10-04,Montpellier | Nosy Be | 2027-08-18 | aller simple,aller simple,2602,typical,2450,4100
2026-10-04,Montpellier | Nosy Be | 2027-08-19 | aller simple,aller simple,6524,high,2450,4100
2026-10-04,Paris | Diego-Suarez | 2027-08-16 | aller simple,aller simple,1343,typical,1300,1600
2026-10-04,Paris | Diego-Suarez | 2027-08-19 | aller simple,aller simple,1346,typical,1300,1600
2026-10-05,Paris | Diego-Suarez | 2027-08-17 | aller simple,aller simple,1346,typical,1300,1600
2026-10-05,Paris | Nosy Be | 2027-08-17 | aller simple,aller simple,759,low,790,1150
2026-10-05,Paris | Diego-Suarez | 2027-08-18 | aller simple,aller simple,1385,typical,1300,1600
2026-10-05,Paris | Nosy Be | 2027-08-18 | aller simple,aller simple,759,low,790,1150
2026-10-05,Paris | Nosy Be | 2027-08-16 | aller simple,aller simple,759,low,790,1150
2026-10-05,Paris | Nosy Be | 2027-08-19 | aller simple,aller simple,759,low,790,1150
2026-10-05,Bordeaux | Nosy Be | 2027-08-16 | aller simple,aller simple,1294,typical,1000,1700
2026-10-05,Bordeaux | Nosy Be | 2027-08-19 | aller simple,aller simple,1092,typical,1000,1700
2026-10-06,Paris | Diego-Suarez | 2027-08-17 | aller simple,aller simple,1346,typical,1300,1600
2026-10-06,Paris | Nosy Be | 2027-08-17 | aller simple,aller simple,760,low,790,1150
2026-10-06,Paris | Diego-Suarez | 2027-08-18 | aller simple,aller simple,1385,typical,1300,1600
2026-10-06,Paris | Nosy Be | 2027-08-18 | aller simple,aller simple,760,low,790,1150
2026-10-06,Montpellier | Nosy Be | 2027-08-16 | aller simple,aller simple,2603,typical,2450,4100
2026-10-06,Montpellier | Nosy Be | 2027-08-17 | aller simple,aller simple,4037,typical,2450,4100
2026-10-06,Montpellier | Nosy Be | 2027-08-18 | aller simple,aller simple,2603,typical,2450,4100
2026-10-06,Montpellier | Nosy Be | 2027-08-19 | aller simple,aller simple,6525,high,2450,4100
2026-10-07,Paris | Diego-Suarez | 2027-08-17 | aller simple,aller simple,1346,typical,1300,1600
2026-10-07,Paris | Nosy Be | 2027-08-17 | aller simple,aller simple,760,low,790,1150
2026-10-07,Paris | Diego-Suarez | 2027-08-18 | aller simple,aller simple,1385,typical,1300,1600
2026-10-07,Paris | Nosy Be | 2027-08-18 | aller simple,aller simple,760,low,790,1150
2026-10-07,Paris | Diego-Suarez | 2027-08-16 | aller simple,aller simple,1344,typical,1300,1600
2026-10-07,Paris | Diego-Suarez | 2027-08-19 | aller simple,aller simple,1346,typical,1300,1600
2026-10-07,Bordeaux | Nosy Be | 2027-08-16 | aller simple,aller simple,1782,high,1000,1700
2026-10-07,Bordeaux | Nosy Be | 2027-08-19 | aller simple,aller simple,1093,typical,1000,1700
2026-10-08,Paris | Diego-Suarez | 2027-08-17 | aller simple,aller simple,1346,typical,1300,1600
2026-10-08,Paris | Nosy Be | 2027-08-17 | aller simple,aller simple,760,low,790,1150
2026-10-08,Paris | Diego-Suarez | 2027-08-18 | aller simple,aller simple,1385,typical,1300,1600
2026-10-08,Paris | Nosy Be | 2027-08-18 | aller simple,aller simple,760,low,790,1150
2026-10-08,Paris | Nosy Be | 2027-08-16 | aller simple,aller simple,760,low,790,1150
2026-10-08,Paris | Nosy Be | 2027-08-19 | aller simple,aller simple,760,low,790,1150
2026-10-08,Montpellier | Nosy Be | 2027-08-16 | aller simple,aller simple,2603,typical,2450,4100
2026-10-08,Montpellier | Nosy Be | 2027-08-17 | aller simple,aller simple,6550,high,2450,4100
