date_collecte,heure,id_recherche,statut,n_offres,message
2026-09-30,00:32:28,Paris | Diego-Suarez | 2027-08-17 | 28j,erreur,0,Google Flights hasn't returned any results for this query.
2026-09-30,00:32:38,Paris | Nosy Be | 2027-08-17 | 28j,erreur,0,Google Flights hasn't returned any results for this query.
2026-09-30,00:32:44,Bordeaux | Diego-Suarez | 2027-08-15 | 21j,erreur,0,Google Flights hasn't returned any results for this query.
2026-09-30,00:32:56,Bordeaux | Diego-Suarez | 2027-08-15 | 28j,erreur,0,Google Flights hasn't returned any results for this query.
2026-09-30,00:33:04,Bordeaux | Diego-Suarez | 2027-08-16 | 21j,erreur,0,Google Flights hasn't returned any results for this query.
2026-09-30,00:33:10,Bordeaux | Diego-Suarez | 2027-08-16 | 28j,erreur,0,Google Flights hasn't returned any results for this query.
2026-09-30,00:33:18,Bordeaux | Diego-Suarez | 2027-08-17 | 21j,erreur,0,Google Flights hasn't returned any results for this query.
2026-09-30,05:32:48,Paris | Diego-Suarez | 2027-08-17 | 28j,ok,1,
2026-09-30,05:32:53,Paris | Nosy Be | 2027-08-17 | 28j,ok,6,
2026-09-30,05:32:55,Bordeaux | Diego-Suarez | 2027-08-15 | 21j,vide,0,Google Flights hasn't returned any results for this query.
2026-09-30,05:32:55,Bordeaux | Diego-Suarez | 2027-08-15 | 28j,vide,0,Google Flights hasn't returned any results for this query.
2026-09-30,05:32:57,Bordeaux | Diego-Suarez | 2027-08-16 | 21j,vide,0,Google Flights hasn't returned any results for this query.
2026-09-30,05:32:57,Bordeaux | Diego-Suarez | 2027-08-16 | 28j,vide,0,Google Flights hasn't returned any results for this query.
2026-09-30,05:33:03,Bordeaux | Diego-Suarez | 2027-08-17 | 21j,vide,0,Google Flights hasn't returned any results for this query.
2026-09-30,08:23:52,Paris | Diego-Suarez | 2027-08-17 | aller simple,ok,1,
2026-09-30,08:24:01,Paris | Nosy Be | 2027-08-17 | aller simple,ok,6,
2026-09-30,08:24:07,Paris | Diego-Suarez | 2027-08-18 | aller simple,ok,1,
2026-09-30,08:24:09,Paris | Nosy Be | 2027-08-18 | aller simple,ok,4,
2026-09-30,08:24:11,Bordeaux | Diego-Suarez | 2027-08-16 | aller simple,vide,0,Google Flights hasn't returned any results for this query.
2026-09-30,08:24:12,Bordeaux | Diego-Suarez | 2027-08-17 | aller simple,vide,0,Google Flights hasn't returned any results for this query.
2026-09-30,08:24:18,Bordeaux | Diego-Suarez | 2027-08-18 | aller simple,vide,0,Google Flights hasn't returned any results for this query.
2026-09-30,08:24:19,Bordeaux | Diego-Suarez | 2027-08-19 | aller simple,vide,0,Google Flights hasn't returned any results for this query.
2026-09-30,08:26:42,Paris | Diego-Suarez | 2027-08-17 | aller simple,ok,1,
2026-09-30,08:26:48,Paris | Nosy Be | 2027-08-17 | aller simple,ok,6,
2026-09-30,08:26:50,Paris | Diego-Suarez | 2027-08-18 | aller simple,ok,1,
2026-09-30,08:26:54,Paris | Nosy Be | 2027-08-18 | aller simple,ok,4,
2026-09-30,08:26:57,Bordeaux | Nosy Be | 2027-08-16 | aller simple,ok,8,
2026-09-30,08:27:01,Bordeaux | Nosy Be | 2027-08-17 | aller simple,vide,0,Google Flights hasn't returned any results for this query.
2026-09-30,08:27:03,Bordeaux | Nosy Be | 2027-08-18 | aller simple,vide,0,Google Flights hasn't returned any results for this query.
2026-09-30,08:27:07,Bordeaux | Nosy Be | 2027-08-19 | aller simple,ok,9,
2026-10-01,05:32:25,Paris | Diego-Suarez | 2027-08-17 | aller simple,ok,1,
2026-10-01,05:32:30,Paris | Nosy Be | 2027-08-17 | aller simple,ok,6,
2026-10-01,05:32:32,Paris | Diego-Suarez | 2027-08-18 | aller simple,ok,1,
2026-10-01,05:32:40,Paris | Nosy Be | 2027-08-18 | aller simple,ok,4,
2026-10-01,05:32:42,Montpellier | Diego-Suarez | 2027-08-16 | aller simple,vide,0,Google Flights hasn't returned any results for this query.
2026-10-01,05:32:45,Montpellier | Diego-Suarez | 2027-08-17 | aller simple,vide,0,Google Flights hasn't returned any results for this query.
2026-10-01,05:32:47,Montpellier | Diego-Suarez | 2027-08-18 | aller simple,vide,0,Google Flights hasn't returned any results for this query.
2026-10-01,05:32:49,Montpellier | Diego-Suarez | 2027-08-19 | aller simple,vide,0,Google Flights hasn't returned any results for this query.
