date_collecte,id_recherche,origine,destination,date_depart,date_retour,trajet,categorie,compagnies,vols,aeroport_depart,aeroport_arrivee,heure_depart,heure_arrivee,escales,lieux_escale,duree_min,prix,devise,arrivee_dans_fenetre
2026-09-30,Paris | Diego-Suarez | 2027-08-17 | 28j,Paris,Diego-Suarez,2027-08-17,2027-09-14,aller simple,autre,Air Austral,"UU 984, UU 557",CDG,DIE,2027-08-17 19:00,2027-08-18 13:05,1,RUN,1025,1346,EUR,TRUE
2026-09-30,Paris | Nosy Be | 2027-08-17 | 28j,Paris,Nosy Be,2027-08-17,2027-09-14,aller simple,meilleure,Ethiopian,"ET 735, ET 837",CDG,NOS,2027-08-17 21:40,2027-08-18 14:45,1,ADD,965,759,EUR,TRUE
2026-09-30,Paris | Nosy Be | 2027-08-17 | 28j,Paris,Nosy Be,2027-08-17,2027-09-14,aller simple,autre,Etihad + Ethiopian,"EY 32, ET 615, ET 837",CDG,NOS,2027-08-17 10:40,2027-08-18 14:45,2,"AUH, ADD",1625,899,EUR,TRUE
2026-09-30,Paris | Nosy Be | 2027-08-17 | 28j,Paris,Nosy Be,2027-08-17,2027-09-14,aller simple,autre,Etihad + Ethiopian,"EY 34, ET 615, ET 837",CDG,NOS,2027-08-17 21:50,2027-08-19 14:45,2,"AUH, ADD",2395,899,EUR,TRUE
2026-09-30,Paris | Nosy Be | 2027-08-17 | 28j,Paris,Nosy Be,2027-08-17,2027-09-14,aller simple,autre,Air Austral,"UU 972, UU 431",CDG,NOS,2027-08-17 22:45,2027-08-19 11:55,1,RUN,2170,1223,EUR,TRUE
2026-09-30,Paris | Nosy Be | 2027-08-17 | 28j,Paris,Nosy Be,2027-08-17,2027-09-14,aller simple,autre,Air Europa + Ethiopian,"UX 1026, ET 741, ET 837",ORY,NOS,2027-08-17 19:25,2027-08-18 14:45,2,"MAD, ADD",1100,1313,EUR,TRUE
2026-09-30,Paris | Nosy Be | 2027-08-17 | 28j,Paris,Nosy Be,2027-08-17,2027-09-14,aller simple,autre,Lufthansa + Ethiopian,"LH 1051, ET 707, ET 837",CDG,NOS,2027-08-17 19:55,2027-08-18 14:45,2,"FRA, ADD",1070,1397,EUR,TRUE
2026-09-30,Paris | Diego-Suarez | 2027-08-17 | aller simple,Paris,Diego-Suarez,2027-08-17,,aller simple,autre,Air Austral,"UU 984, UU 557",CDG,DIE,2027-08-17 19:00,2027-08-18 13:05,1,RUN,1025,1346,EUR,TRUE
2026-09-30,Paris | Nosy Be | 2027-08-17 | aller simple,Paris,Nosy Be,2027-08-17,,aller simple,meilleure,Ethiopian,"ET 735, ET 837",CDG,NOS,2027-08-17 21:40,2027-08-18 14:45,1,ADD,965,759,EUR,TRUE
2026-09-30,Paris | Nosy Be | 2027-08-17 | aller simple,Paris,Nosy Be,2027-08-17,,aller simple,autre,Etihad + Ethiopian,"EY 32, ET 615, ET 837",CDG,NOS,2027-08-17 10:40,2027-08-18 14:45,2,"AUH, ADD",1625,1069,EUR,TRUE
2026-09-30,Paris | Nosy Be | 2027-08-17 | aller simple,Paris,Nosy Be,2027-08-17,,aller simple,autre,Etihad + Ethiopian,"EY 34, EY 727, ET 837",CDG,NOS,2027-08-17 21:50,2027-08-19 14:45,2,"AUH, ADD",2395,1122,EUR,TRUE
2026-09-30,Paris | Nosy Be | 2027-08-17 | aller simple,Paris,Nosy Be,2027-08-17,,aller simple,autre,Air Austral,"UU 972, UU 431",CDG,NOS,2027-08-17 22:45,2027-08-19 11:55,1,RUN,2170,1223,EUR,TRUE
2026-09-30,Paris | Nosy Be | 2027-08-17 | aller simple,Paris,Nosy Be,2027-08-17,,aller simple,autre,Air Europa + Ethiopian,"UX 1026, ET 741, ET 837",ORY,NOS,2027-08-17 19:25,2027-08-18 14:45,2,"MAD, ADD",1100,1313,EUR,TRUE
2026-09-30,Paris | Nosy Be | 2027-08-17 | aller simple,Paris,Nosy Be,2027-08-17,,aller simple,autre,Lufthansa + Ethiopian,"LH 1051, ET 707, ET 837",CDG,NOS,2027-08-17 19:55,2027-08-18 14:45,2,"FRA, ADD",1070,1397,EUR,TRUE
2026-09-30,Paris | Diego-Suarez | 2027-08-18 | aller simple,Paris,Diego-Suarez,2027-08-18,,aller simple,autre,Air Austral,"UU 974, UU 557",CDG,DIE,2027-08-18 19:00,2027-08-20 11:30,1,RUN,2370,1386,EUR,TRUE
2026-09-30,Paris | Nosy Be | 2027-08-18 | aller simple,Paris,Nosy Be,2027-08-18,,aller simple,autre,Ethiopian,"ET 735, ET 837",CDG,NOS,2027-08-18 21:40,2027-08-19 14:45,1,ADD,965,759,EUR,TRUE
2026-09-30,Paris | Nosy Be | 2027-08-18 | aller simple,Paris,Nosy Be,2027-08-18,,aller simple,autre,Air Austral,"UU 974, UU 431",CDG,NOS,2027-08-18 19:00,2027-08-19 11:55,1,RUN,955,1226,EUR,TRUE
2026-09-30,Paris | Nosy Be | 2027-08-18 | aller simple,Paris,Nosy Be,2027-08-18,,aller simple,autre,ITA + Ethiopian,"AZ 325, ET 713, ET 837",CDG,NOS,2027-08-18 18:15,2027-08-19 14:45,2,"FCO, ADD",1170,1317,EUR,TRUE
2026-09-30,Paris | Nosy Be | 2027-08-18 | aller simple,Paris,Nosy Be,2027-08-18,,aller simple,autre,Lufthansa + Ethiopian,"LH 1051, ET 707, ET 837",CDG,NOS,2027-08-18 19:55,2027-08-19 14:45,2,"FRA, ADD",1070,1607,EUR,TRUE
2026-09-30,Paris | Diego-Suarez | 2027-08-17 | aller simple,Paris,Diego-Suarez,2027-08-17,,aller simple,autre,Air Austral,"UU 984, UU 557",CDG,DIE,2027-08-17 19:00,2027-08-18 13:05,1,RUN,1025,1346,EUR,TRUE
2026-09-30,Paris | Nosy Be | 2027-08-17 | aller simple,Paris,Nosy Be,2027-08-17,,aller simple,meilleure,Ethiopian,"ET 735, ET 837",CDG,NOS,2027-08-17 21:40,2027-08-18 14:45,1,ADD,965,759,EUR,TRUE
2026-09-30,Paris | Nosy Be | 2027-08-17 | aller simple,Paris,Nosy Be,2027-08-17,,aller simple,autre,Etihad + Ethiopian,"EY 32, ET 615, ET 837",CDG,NOS,2027-08-17 10:40,2027-08-18 14:45,2,"AUH, ADD",1625,1069,EUR,TRUE
2026-09-30,Paris | Nosy Be | 2027-08-17 | aller simple,Paris,Nosy Be,2027-08-17,,aller simple,autre,Etihad + Ethiopian,"EY 34, EY 727, ET 837",CDG,NOS,2027-08-17 21:50,2027-08-19 14:45,2,"AUH, ADD",2395,1122,EUR,TRUE
2026-09-30,Paris | Nosy Be | 2027-08-17 | aller simple,Paris,Nosy Be,2027-08-17,,aller simple,autre,Air Austral,"UU 972, UU 431",CDG,NOS,2027-08-17 22:45,2027-08-19 11:55,1,RUN,2170,1223,EUR,TRUE
2026-09-30,Paris | Nosy Be | 2027-08-17 | aller simple,Paris,Nosy Be,2027-08-17,,aller simple,autre,Air Europa + Ethiopian,"UX 1026, ET 741, ET 837",ORY,NOS,2027-08-17 19:25,2027-08-18 14:45,2,"MAD, ADD",1100,1313,EUR,TRUE
2026-09-30,Paris | Nosy Be | 2027-08-17 | aller simple,Paris,Nosy Be,2027-08-17,,aller simple,autre,Lufthansa + Ethiopian,"LH 1051, ET 707, ET 837",CDG,NOS,2027-08-17 19:55,2027-08-18 14:45,2,"FRA, ADD",1070,1397,EUR,TRUE
2026-09-30,Paris | Diego-Suarez | 2027-08-18 | aller simple,Paris,Diego-Suarez,2027-08-18,,aller simple,autre,Air Austral,"UU 974, UU 557",CDG,DIE,2027-08-18 19:00,2027-08-20 11:30,1,RUN,2370,1385,EUR,TRUE
2026-09-30,Paris | Nosy Be | 2027-08-18 | aller simple,Paris,Nosy Be,2027-08-18,,aller simple,autre,Ethiopian,"ET 735, ET 837",CDG,NOS,2027-08-18 21:40,2027-08-19 14:45,1,ADD,965,759,EUR,TRUE
2026-09-30,Paris | Nosy Be | 2027-08-18 | aller simple,Paris,Nosy Be,2027-08-18,,aller simple,autre,Air Austral,"UU 974, UU 431",CDG,NOS,2027-08-18 19:00,2027-08-19 11:55,1,RUN,955,1226,EUR,TRUE
2026-09-30,Paris | Nosy Be | 2027-08-18 | aller simple,Paris,Nosy Be,2027-08-18,,aller simple,autre,ITA + Ethiopian,"AZ 325, ET 713, ET 837",CDG,NOS,2027-08-18 18:15,2027-08-19 14:45,2,"FCO, ADD",1170,1317,EUR,TRUE
2026-09-30,Paris | Nosy Be | 2027-08-18 | aller simple,Paris,Nosy Be,2027-08-18,,aller simple,autre,Lufthansa + Ethiopian,"LH 1051, ET 707, ET 837",CDG,NOS,2027-08-18 19:55,2027-08-19 14:45,2,"FRA, ADD",1070,1607,EUR,TRUE
2026-09-30,Bordeaux | Nosy Be | 2027-08-16 | aller simple,Bordeaux,Nosy Be,2027-08-16,,aller simple,meilleure,SWISS + Etihad + Ethiopian,"LX 553, EY 142, EY 727, ET 837",BOD,NOS,2027-08-16 14:05,2027-08-18 14:45,3,"ZRH, AUH, ADD",2860,1175,EUR,TRUE
2026-09-30,Bordeaux | Nosy Be | 2027-08-16 | aller simple,Bordeaux,Nosy Be,2027-08-16,,aller simple,meilleure,SWISS + Etihad + Ethiopian,"LX 553, EY 144, ET 615, ET 837",BOD,NOS,2027-08-16 14:05,2027-08-18 14:45,3,"ZRH, AUH, ADD",2860,1175,EUR,TRUE
2026-09-30,Bordeaux | Nosy Be | 2027-08-16 | aller simple,Bordeaux,Nosy Be,2027-08-16,,aller simple,meilleure,Lufthansa + Etihad + Ethiopian,"LH 2259, EY 128, EY 727, ET 837",BOD,NOS,2027-08-16 10:45,2027-08-18 14:45,3,"MUC, AUH, ADD",3060,1213,EUR,TRUE
2026-09-30,Bordeaux | Nosy Be | 2027-08-16 | aller simple,Bordeaux,Nosy Be,2027-08-16,,aller simple,meilleure,Lufthansa + Etihad + Ethiopian,"LH 2259, EY 128, ET 615, ET 837",BOD,NOS,2027-08-16 10:45,2027-08-18 14:45,3,"MUC, AUH, ADD",3060,1213,EUR,TRUE
2026-09-30,Bordeaux | Nosy Be | 2027-08-16 | aller simple,Bordeaux,Nosy Be,2027-08-16,,aller simple,meilleure,Royal Air Maroc + Etihad + Ethiopian,"AT 799, EY 758, ET 615, ET 837",BOD,NOS,2027-08-16 20:05,2027-08-18 14:45,3,"CMN, AUH, ADD",2500,1276,EUR,TRUE
2026-09-30,Bordeaux | Nosy Be | 2027-08-16 | aller simple,Bordeaux,Nosy Be,2027-08-16,,aller simple,autre,SWISS + Lufthansa + Ethiopian,"LX 553, LH 1195, ET 707, ET 837",BOD,NOS,2027-08-16 14:05,2027-08-17 14:45,3,"ZRH, FRA, ADD",1420,2588,EUR,TRUE
2026-09-30,Bordeaux | Nosy Be | 2027-08-16 | aller simple,Bordeaux,Nosy Be,2027-08-16,,aller simple,autre,SWISS + Lufthansa + Ethiopian,"LX 553, LH 1193, ET 707, ET 837",BOD,NOS,2027-08-16 14:05,2027-08-17 14:45,3,"ZRH, FRA, ADD",1420,2588,EUR,TRUE
2026-09-30,Bordeaux | Nosy Be | 2027-08-16 | aller simple,Bordeaux,Nosy Be,2027-08-16,,aller simple,autre,SWISS + Lufthansa + Ethiopian,"LX 553, LH 1197, ET 707, ET 837",BOD,NOS,2027-08-16 14:05,2027-08-17 14:45,3,"ZRH, FRA, ADD",1420,2588,EUR,TRUE
2026-09-30,Bordeaux | Nosy Be | 2027-08-19 | aller simple,Bordeaux,Nosy Be,2027-08-19,,aller simple,meilleure,SWISS + Etihad + Ethiopian,"LX 553, EY 140, ET 615, ET 837",BOD,NOS,2027-08-19 15:00,2027-08-21 14:45,3,"ZRH, AUH, ADD",2805,904,EUR,FALSE
2026-09-30,Bordeaux | Nosy Be | 2027-08-19 | aller simple,Bordeaux,Nosy Be,2027-08-19,,aller simple,meilleure,Lufthansa + Etihad + Ethiopian,"LH 2259, EY 128, EY 727, ET 837",BOD,NOS,2027-08-19 18:30,2027-08-21 14:45,3,"MUC, AUH, ADD",2595,909,EUR,FALSE
2026-09-30,Bordeaux | Nosy Be | 2027-08-19 | aller simple,Bordeaux,Nosy Be,2027-08-19,,aller simple,meilleure,Lufthansa + Qatar Airways + Airlink,"LH 2259, QR 60, QR 1365, 4Z 246",BOD,NOS,2027-08-19 18:30,2027-08-21 14:10,3,"MUC, DOH, JNB",2560,1094,EUR,FALSE
2026-09-30,Bordeaux | Nosy Be | 2027-08-19 | aller simple,Bordeaux,Nosy Be,2027-08-19,,aller simple,autre,Vueling + Qatar Airways + Airlink,"VY 8123, QR 138, QR 1365, 4Z 246",BOD,NOS,2027-08-19 20:20,2027-08-21 14:10,3,"BCN, DOH, JNB",2450,1172,EUR,FALSE
2026-09-30,Bordeaux | Nosy Be | 2027-08-19 | aller simple,Bordeaux,Nosy Be,2027-08-19,,aller simple,autre,Royal Air Maroc + Etihad + Ethiopian,"AT 799, EY 758, ET 615, ET 837",BOD,NOS,2027-08-19 20:05,2027-08-21 14:45,3,"CMN, AUH, ADD",2500,1250,EUR,FALSE
2026-09-30,Bordeaux | Nosy Be | 2027-08-19 | aller simple,Bordeaux,Nosy Be,2027-08-19,,aller simple,autre,Lufthansa + Etihad + Airlink,"LH 2259, EY 126, EY 747, 4Z 246",BOD,NOS,2027-08-19 18:30,2027-08-21 14:10,3,"MUC, AUH, JNB",2560,1259,EUR,FALSE
2026-09-30,Bordeaux | Nosy Be | 2027-08-19 | aller simple,Bordeaux,Nosy Be,2027-08-19,,aller simple,autre,British Airways + Qatar Airways + Airlink,"BA 2573, QR 330, QR 1365, 4Z 246",BOD,NOS,2027-08-19 21:30,2027-08-21 14:10,3,"LGW, DOH, JNB",2380,1472,EUR,FALSE
2026-09-30,Bordeaux | Nosy Be | 2027-08-19 | aller simple,Bordeaux,Nosy Be,2027-08-19,,aller simple,autre,SWISS + Lufthansa + Ethiopian,"LX 553, LH 1195, ET 707, ET 837",BOD,NOS,2027-08-19 15:00,2027-08-20 14:45,3,"ZRH, FRA, ADD",1365,2588,EUR,TRUE
2026-09-30,Bordeaux | Nosy Be | 2027-08-19 | aller simple,Bordeaux,Nosy Be,2027-08-19,,aller simple,autre,SWISS + Lufthansa + Ethiopian,"LX 553, LH 1197, ET 707, ET 837",BOD,NOS,2027-08-19 15:00,2027-08-20 14:45,3,"ZRH, FRA, ADD",1365,2588,EUR,TRUE
